{
  "type": "flow",
  "kind": "artifact",
  "metadata": {
    "trifactaVersion": "6.8.2+475.20200429004350.b56247a",
    "exportedAt": "2020-06-02T08:17:26.126Z",
    "exportedBy": 6702,
    "uuid": "7e28e8e0-a4a9-11ea-b40a-2d6d3acda87d",
    "primaryFlowIds": [
      271986
    ],
    "edition": "Dataprep",
    "lastMigration": "20200211125101"
  },
  "data": {
    "artifacts": [],
    "connections": [],
    "flows": [
      {
        "id": 271986,
        "name": "My Little Business Sales Data",
        "description": "",
        "flownodes": [
          {
            "id": 1458296,
            "scriptId": 1341561,
            "flowNodeId": null,
            "wrangled": false,
            "referenceId": null
          },
          {
            "id": 1458298,
            "scriptId": 1341563,
            "flowNodeId": null,
            "wrangled": true,
            "referenceId": null
          }
        ],
        "flowedges": [
          {
            "id": 1308476,
            "inFlowNodeId": 1458296,
            "inPortId": null,
            "outFlowNodeId": 1458298,
            "outPortId": null
          }
        ],
        "references": [],
        "flowrunparameteroverrides": [],
        "recipes": [
          {
            "id": 1341561,
            "name": "Monthly_Ecommerce_Sales_Data.csv",
            "description": null,
            "active": true,
            "nextPortId": 1,
            "steps": [
              {
                "portId": null,
                "task": {
                  "annotations": {
                    "hidden": true
                  },
                  "kind": "task",
                  "type": "Load",
                  "parameters": {
                    "format": {
                      "annotations": {},
                      "kind": "func",
                      "type": "FormatBlob",
                      "parameters": {}
                    },
                    "location": {
                      "kind": "constant",
                      "type": "String",
                      "value": "id://659029"
                    },
                    "enableLineage": {
                      "kind": "constant",
                      "type": "Bool",
                      "value": true
                    },
                    "as": {
                      "kind": "array",
                      "type": "Array",
                      "value": [
                        {
                          "kind": "constant",
                          "type": "String",
                          "value": "column1"
                        }
                      ]
                    }
                  },
                  "outputName": "original_datasource_659029"
                },
                "tableData": null,
                "columnMetadata": null,
                "id": 7541556,
                "hash": "eff587f9f9f7242fd56af2c7280ffc1dae95d605",
                "pbemappingartifacts": [],
                "targetmappingartifacts": []
              },
              {
                "portId": null,
                "task": {
                  "annotations": {
                    "outputColumnAnnotations": {
                      "column1": {
                        "type": [
                          "String"
                        ],
                        "_likely_types": [
                          [
                            "String"
                          ],
                          [
                            "Integer"
                          ],
                          [
                            "Phone"
                          ],
                          [
                            "SSN"
                          ],
                          [
                            "Map"
                          ]
                        ]
                      }
                    }
                  },
                  "kind": "task",
                  "type": "SplitRows",
                  "parameters": {
                    "on": {
                      "kind": "constant",
                      "type": "String",
                      "value": "\r\n"
                    },
                    "col": {
                      "kind": "column",
                      "type": "Column",
                      "value": "column1",
                      "relation": null
                    }
                  },
                  "outputName": null
                },
                "tableData": null,
                "columnMetadata": null,
                "id": 7541557,
                "hash": "49435ca14849ee2e63ebe7353ad1126e7f0139f9",
                "pbemappingartifacts": [],
                "targetmappingartifacts": []
              },
              {
                "portId": null,
                "task": {
                  "annotations": {
                    "outputColumnAnnotations": {
                      "column2": {
                        "type": [
                          "String"
                        ],
                        "_likely_types": [
                          [
                            "String"
                          ],
                          [
                            "Integer"
                          ],
                          [
                            "Phone"
                          ],
                          [
                            "SSN"
                          ],
                          [
                            "Map"
                          ]
                        ]
                      },
                      "column3": {
                        "type": [
                          "String"
                        ],
                        "_likely_types": [
                          [
                            "String"
                          ],
                          [
                            "Integer"
                          ],
                          [
                            "Phone"
                          ],
                          [
                            "SSN"
                          ],
                          [
                            "Map"
                          ]
                        ]
                      },
                      "column4": {
                        "type": [
                          "Datetime",
                          "yy-mm-dd",
                          "yyyymmdd"
                        ],
                        "_likely_types": [
                          [
                            "Datetime",
                            "yy-mm-dd",
                            "yyyymmdd"
                          ],
                          [
                            "Integer"
                          ],
                          [
                            "String"
                          ],
                          [
                            "Phone"
                          ],
                          [
                            "SSN"
                          ]
                        ]
                      },
                      "column5": {
                        "type": [
                          "String"
                        ],
                        "_likely_types": [
                          [
                            "String"
                          ],
                          [
                            "Integer"
                          ],
                          [
                            "Phone"
                          ],
                          [
                            "SSN"
                          ],
                          [
                            "Map"
                          ]
                        ]
                      },
                      "column6": {
                        "type": [
                          "String"
                        ],
                        "_likely_types": [
                          [
                            "String"
                          ],
                          [
                            "Integer"
                          ],
                          [
                            "Phone"
                          ],
                          [
                            "SSN"
                          ],
                          [
                            "Map"
                          ]
                        ]
                      },
                      "column7": {
                        "type": [
                          "String"
                        ],
                        "_likely_types": [
                          [
                            "String"
                          ],
                          [
                            "Integer"
                          ],
                          [
                            "Phone"
                          ],
                          [
                            "SSN"
                          ],
                          [
                            "Map"
                          ]
                        ]
                      },
                      "column8": {
                        "type": [
                          "Datetime",
                          "yy-mm-dd",
                          "yyyymmdd"
                        ],
                        "_likely_types": [
                          [
                            "Datetime",
                            "yy-mm-dd",
                            "yyyymmdd"
                          ],
                          [
                            "Integer"
                          ],
                          [
                            "String"
                          ],
                          [
                            "Phone"
                          ],
                          [
                            "SSN"
                          ]
                        ]
                      },
                      "column9": {
                        "type": [
                          "Integer"
                        ],
                        "_likely_types": [
                          [
                            "Integer"
                          ],
                          [
                            "Float"
                          ],
                          [
                            "String"
                          ],
                          [
                            "Phone"
                          ],
                          [
                            "SSN"
                          ]
                        ]
                      },
                      "column10": {
                        "type": [
                          "String"
                        ],
                        "_likely_types": [
                          [
                            "String"
                          ],
                          [
                            "Integer"
                          ],
                          [
                            "Phone"
                          ],
                          [
                            "SSN"
                          ],
                          [
                            "Map"
                          ]
                        ]
                      },
                      "column11": {
                        "type": [
                          "State"
                        ],
                        "_likely_types": [
                          [
                            "State"
                          ],
                          [
                            "String"
                          ],
                          [
                            "Integer"
                          ],
                          [
                            "Phone"
                          ],
                          [
                            "SSN"
                          ]
                        ]
                      },
                      "column12": {
                        "type": [
                          "String"
                        ],
                        "_likely_types": [
                          [
                            "String"
                          ],
                          [
                            "Integer"
                          ],
                          [
                            "Phone"
                          ],
                          [
                            "SSN"
                          ],
                          [
                            "Map"
                          ]
                        ]
                      },
                      "column13": {
                        "type": [
                          "Integer"
                        ],
                        "_likely_types": [
                          [
                            "Integer"
                          ],
                          [
                            "Float"
                          ],
                          [
                            "String"
                          ],
                          [
                            "Phone"
                          ],
                          [
                            "SSN"
                          ]
                        ]
                      },
                      "column14": {
                        "type": [
                          "String"
                        ],
                        "_likely_types": [
                          [
                            "String"
                          ],
                          [
                            "Integer"
                          ],
                          [
                            "Phone"
                          ],
                          [
                            "SSN"
                          ],
                          [
                            "Map"
                          ]
                        ]
                      },
                      "column15": {
                        "type": [
                          "Integer"
                        ],
                        "_likely_types": [
                          [
                            "Integer"
                          ],
                          [
                            "Float"
                          ],
                          [
                            "String"
                          ],
                          [
                            "Phone"
                          ],
                          [
                            "SSN"
                          ]
                        ]
                      },
                      "column16": {
                        "type": [
                          "Integer"
                        ],
                        "_likely_types": [
                          [
                            "Integer"
                          ],
                          [
                            "Float"
                          ],
                          [
                            "String"
                          ],
                          [
                            "Phone"
                          ],
                          [
                            "SSN"
                          ]
                        ]
                      },
                      "column17": {
                        "type": [
                          "String"
                        ],
                        "_likely_types": [
                          [
                            "String"
                          ],
                          [
                            "Integer"
                          ],
                          [
                            "Phone"
                          ],
                          [
                            "SSN"
                          ],
                          [
                            "Map"
                          ]
                        ]
                      },
                      "column18": {
                        "type": [
                          "Integer"
                        ],
                        "_likely_types": [
                          [
                            "Integer"
                          ],
                          [
                            "Float"
                          ],
                          [
                            "String"
                          ],
                          [
                            "Phone"
                          ],
                          [
                            "SSN"
                          ]
                        ]
                      },
                      "column19": {
                        "type": [
                          "Bool"
                        ],
                        "_likely_types": [
                          [
                            "Bool"
                          ],
                          [
                            "String"
                          ],
                          [
                            "Integer"
                          ],
                          [
                            "Phone"
                          ],
                          [
                            "SSN"
                          ]
                        ]
                      },
                      "column20": {
                        "type": [
                          "Url"
                        ],
                        "_likely_types": [
                          [
                            "Url"
                          ],
                          [
                            "String"
                          ],
                          [
                            "Integer"
                          ],
                          [
                            "Phone"
                          ],
                          [
                            "SSN"
                          ]
                        ]
                      },
                      "column21": {
                        "type": [
                          "String"
                        ],
                        "_likely_types": [
                          [
                            "String"
                          ],
                          [
                            "Integer"
                          ],
                          [
                            "Bool"
                          ],
                          [
                            "Float"
                          ],
                          [
                            "Phone"
                          ]
                        ]
                      }
                    }
                  },
                  "kind": "task",
                  "type": "Split",
                  "parameters": {
                    "col": {
                      "kind": "column",
                      "type": "Column",
                      "value": "column1",
                      "relation": null
                    },
                    "type": {
                      "kind": "bundle",
                      "type": "Bundle",
                      "value": "on"
                    },
                    "on": {
                      "kind": "constant",
                      "type": "String",
                      "value": ";"
                    },
                    "limit": {
                      "kind": "constant",
                      "type": "Integer",
                      "value": 19
                    },
                    "as": {
                      "kind": "array",
                      "type": "Array",
                      "value": [
                        {
                          "kind": "constant",
                          "type": "String",
                          "value": "column2"
                        },
                        {
                          "kind": "constant",
                          "type": "String",
                          "value": "column3"
                        },
                        {
                          "kind": "constant",
                          "type": "String",
                          "value": "column4"
                        },
                        {
                          "kind": "constant",
                          "type": "String",
                          "value": "column5"
                        },
                        {
                          "kind": "constant",
                          "type": "String",
                          "value": "column6"
                        },
                        {
                          "kind": "constant",
                          "type": "String",
                          "value": "column7"
                        },
                        {
                          "kind": "constant",
                          "type": "String",
                          "value": "column8"
                        },
                        {
                          "kind": "constant",
                          "type": "String",
                          "value": "column9"
                        },
                        {
                          "kind": "constant",
                          "type": "String",
                          "value": "column10"
                        },
                        {
                          "kind": "constant",
                          "type": "String",
                          "value": "column11"
                        },
                        {
                          "kind": "constant",
                          "type": "String",
                          "value": "column12"
                        },
                        {
                          "kind": "constant",
                          "type": "String",
                          "value": "column13"
                        },
                        {
                          "kind": "constant",
                          "type": "String",
                          "value": "column14"
                        },
                        {
                          "kind": "constant",
                          "type": "String",
                          "value": "column15"
                        },
                        {
                          "kind": "constant",
                          "type": "String",
                          "value": "column16"
                        },
                        {
                          "kind": "constant",
                          "type": "String",
                          "value": "column17"
                        },
                        {
                          "kind": "constant",
                          "type": "String",
                          "value": "column18"
                        },
                        {
                          "kind": "constant",
                          "type": "String",
                          "value": "column19"
                        },
                        {
                          "kind": "constant",
                          "type": "String",
                          "value": "column20"
                        },
                        {
                          "kind": "constant",
                          "type": "String",
                          "value": "column21"
                        }
                      ]
                    }
                  },
                  "outputName": null
                },
                "tableData": null,
                "columnMetadata": null,
                "id": 7541558,
                "hash": "67ee12f36718178dcfac59797ab9d5ef1ea443be",
                "pbemappingartifacts": [],
                "targetmappingartifacts": []
              },
              {
                "portId": null,
                "task": {
                  "annotations": {
                    "outputColumnAnnotations": {
                      "Purchase_Device": {
                        "type": [
                          "String"
                        ],
                        "_likely_types": [
                          [
                            "String"
                          ],
                          [
                            "Integer"
                          ],
                          [
                            "Phone"
                          ],
                          [
                            "SSN"
                          ],
                          [
                            "Map"
                          ]
                        ]
                      },
                      "Purchase_ID": {
                        "type": [
                          "String"
                        ],
                        "_likely_types": [
                          [
                            "String"
                          ],
                          [
                            "Integer"
                          ],
                          [
                            "Phone"
                          ],
                          [
                            "SSN"
                          ],
                          [
                            "Map"
                          ]
                        ]
                      },
                      "Purchase_Date": {
                        "type": [
                          "Datetime",
                          "yy-mm-dd",
                          "yyyymmdd"
                        ],
                        "_likely_types": [
                          [
                            "Datetime",
                            "yy-mm-dd",
                            "yyyymmdd"
                          ],
                          [
                            "Integer"
                          ],
                          [
                            "String"
                          ],
                          [
                            "Phone"
                          ],
                          [
                            "SSN"
                          ]
                        ]
                      },
                      "Purchase_Status": {
                        "type": [
                          "String"
                        ],
                        "_likely_types": [
                          [
                            "String"
                          ],
                          [
                            "Integer"
                          ],
                          [
                            "Phone"
                          ],
                          [
                            "SSN"
                          ],
                          [
                            "Map"
                          ]
                        ]
                      },
                      "Payment_Method": {
                        "type": [
                          "String"
                        ],
                        "_likely_types": [
                          [
                            "String"
                          ],
                          [
                            "Integer"
                          ],
                          [
                            "Phone"
                          ],
                          [
                            "SSN"
                          ],
                          [
                            "Map"
                          ]
                        ]
                      },
                      "DeliveryMode": {
                        "type": [
                          "String"
                        ],
                        "_likely_types": [
                          [
                            "String"
                          ],
                          [
                            "Integer"
                          ],
                          [
                            "Phone"
                          ],
                          [
                            "SSN"
                          ],
                          [
                            "Map"
                          ]
                        ]
                      },
                      "Shipping_Date": {
                        "type": [
                          "Datetime",
                          "yy-mm-dd",
                          "yyyymmdd"
                        ],
                        "_likely_types": [
                          [
                            "Datetime",
                            "yy-mm-dd",
                            "yyyymmdd"
                          ],
                          [
                            "Integer"
                          ],
                          [
                            "String"
                          ],
                          [
                            "Phone"
                          ],
                          [
                            "SSN"
                          ]
                        ]
                      },
                      "ShippingZipCode": {
                        "type": [
                          "Integer"
                        ],
                        "_likely_types": [
                          [
                            "Integer"
                          ],
                          [
                            "Float"
                          ],
                          [
                            "String"
                          ],
                          [
                            "Phone"
                          ],
                          [
                            "SSN"
                          ]
                        ]
                      },
                      "ShippingCity": {
                        "type": [
                          "String"
                        ],
                        "_likely_types": [
                          [
                            "String"
                          ],
                          [
                            "Integer"
                          ],
                          [
                            "Phone"
                          ],
                          [
                            "SSN"
                          ],
                          [
                            "Map"
                          ]
                        ]
                      },
                      "ShippingRegion": {
                        "type": [
                          "State"
                        ],
                        "_likely_types": [
                          [
                            "State"
                          ],
                          [
                            "String"
                          ],
                          [
                            "Integer"
                          ],
                          [
                            "Phone"
                          ],
                          [
                            "SSN"
                          ]
                        ]
                      },
                      "ShippingCountry": {
                        "type": [
                          "String"
                        ],
                        "_likely_types": [
                          [
                            "String"
                          ],
                          [
                            "Integer"
                          ],
                          [
                            "Phone"
                          ],
                          [
                            "SSN"
                          ],
                          [
                            "Map"
                          ]
                        ]
                      },
                      "Store_Category": {
                        "type": [
                          "Integer"
                        ],
                        "_likely_types": [
                          [
                            "Integer"
                          ],
                          [
                            "Float"
                          ],
                          [
                            "String"
                          ],
                          [
                            "Phone"
                          ],
                          [
                            "SSN"
                          ]
                        ]
                      },
                      "Product_ID": {
                        "type": [
                          "String"
                        ],
                        "_likely_types": [
                          [
                            "String"
                          ],
                          [
                            "Integer"
                          ],
                          [
                            "Phone"
                          ],
                          [
                            "SSN"
                          ],
                          [
                            "Map"
                          ]
                        ]
                      },
                      "Product_Quantity": {
                        "type": [
                          "Integer"
                        ],
                        "_likely_types": [
                          [
                            "Integer"
                          ],
                          [
                            "Float"
                          ],
                          [
                            "String"
                          ],
                          [
                            "Phone"
                          ],
                          [
                            "SSN"
                          ]
                        ]
                      },
                      "Unit_Price": {
                        "type": [
                          "Integer"
                        ],
                        "_likely_types": [
                          [
                            "Integer"
                          ],
                          [
                            "Float"
                          ],
                          [
                            "String"
                          ],
                          [
                            "Phone"
                          ],
                          [
                            "SSN"
                          ]
                        ]
                      },
                      "ClientCivility": {
                        "type": [
                          "String"
                        ],
                        "_likely_types": [
                          [
                            "String"
                          ],
                          [
                            "Integer"
                          ],
                          [
                            "Phone"
                          ],
                          [
                            "SSN"
                          ],
                          [
                            "Map"
                          ]
                        ]
                      },
                      "User_ID": {
                        "type": [
                          "Integer"
                        ],
                        "_likely_types": [
                          [
                            "Integer"
                          ],
                          [
                            "Float"
                          ],
                          [
                            "String"
                          ],
                          [
                            "Phone"
                          ],
                          [
                            "SSN"
                          ]
                        ]
                      },
                      "Gift": {
                        "type": [
                          "Bool"
                        ],
                        "_likely_types": [
                          [
                            "Bool"
                          ],
                          [
                            "String"
                          ],
                          [
                            "Integer"
                          ],
                          [
                            "Phone"
                          ],
                          [
                            "SSN"
                          ]
                        ]
                      },
                      "Email_host_domain": {
                        "type": [
                          "Url"
                        ],
                        "_likely_types": [
                          [
                            "Url"
                          ],
                          [
                            "String"
                          ],
                          [
                            "Integer"
                          ],
                          [
                            "Phone"
                          ],
                          [
                            "SSN"
                          ]
                        ]
                      },
                      "column21": {
                        "type": [
                          "String"
                        ],
                        "_likely_types": [
                          [
                            "String"
                          ],
                          [
                            "Integer"
                          ],
                          [
                            "Bool"
                          ],
                          [
                            "Float"
                          ],
                          [
                            "Phone"
                          ]
                        ]
                      }
                    }
                  },
                  "kind": "task",
                  "type": "Header",
                  "parameters": {
                    "sanitize": {
                      "kind": "constant",
                      "type": "Bool",
                      "value": false
                    },
                    "as": {
                      "kind": "array",
                      "type": "Array",
                      "value": [
                        {
                          "kind": "constant",
                          "type": "String",
                          "value": "Purchase_Device"
                        },
                        {
                          "kind": "constant",
                          "type": "String",
                          "value": "Purchase_ID"
                        },
                        {
                          "kind": "constant",
                          "type": "String",
                          "value": "Purchase_Date"
                        },
                        {
                          "kind": "constant",
                          "type": "String",
                          "value": "Purchase_Status"
                        },
                        {
                          "kind": "constant",
                          "type": "String",
                          "value": "Payment_Method"
                        },
                        {
                          "kind": "constant",
                          "type": "String",
                          "value": "DeliveryMode"
                        },
                        {
                          "kind": "constant",
                          "type": "String",
                          "value": "Shipping_Date"
                        },
                        {
                          "kind": "constant",
                          "type": "String",
                          "value": "ShippingZipCode"
                        },
                        {
                          "kind": "constant",
                          "type": "String",
                          "value": "ShippingCity"
                        },
                        {
                          "kind": "constant",
                          "type": "String",
                          "value": "ShippingRegion"
                        },
                        {
                          "kind": "constant",
                          "type": "String",
                          "value": "ShippingCountry"
                        },
                        {
                          "kind": "constant",
                          "type": "String",
                          "value": "Store_Category"
                        },
                        {
                          "kind": "constant",
                          "type": "String",
                          "value": "Product_ID"
                        },
                        {
                          "kind": "constant",
                          "type": "String",
                          "value": "Product_Quantity"
                        },
                        {
                          "kind": "constant",
                          "type": "String",
                          "value": "Unit_Price"
                        },
                        {
                          "kind": "constant",
                          "type": "String",
                          "value": "ClientCivility"
                        },
                        {
                          "kind": "constant",
                          "type": "String",
                          "value": "User_ID"
                        },
                        {
                          "kind": "constant",
                          "type": "String",
                          "value": "Gift"
                        },
                        {
                          "kind": "constant",
                          "type": "String",
                          "value": "Email_host_domain"
                        },
                        {
                          "kind": "constant",
                          "type": "String",
                          "value": "column21"
                        }
                      ]
                    }
                  },
                  "outputName": null
                },
                "tableData": {
                  "column2": "Purchase_Device",
                  "column3": "Purchase_ID",
                  "column4": "Purchase_Date",
                  "column5": "Purchase_Status",
                  "column6": "Payment_Method",
                  "column7": "DeliveryMode",
                  "column8": "Shipping_Date",
                  "column9": "ShippingZipCode",
                  "column10": "ShippingCity",
                  "column11": "ShippingRegion",
                  "column12": "ShippingCountry",
                  "column13": "Store_Category",
                  "column14": "Product_ID",
                  "column15": "Product_Quantity",
                  "column16": "Unit_Price",
                  "column17": "ClientCivility",
                  "column18": "User_ID",
                  "column19": "Gift",
                  "column20": "Email_host_domain",
                  "column21": ""
                },
                "columnMetadata": null,
                "id": 7541559,
                "hash": "123541e2a8c713ebbff8e5c9943d14b93b2307be",
                "pbemappingartifacts": [],
                "targetmappingartifacts": []
              }
            ]
          },
          {
            "id": 1341563,
            "name": "Monthly_Ecommerce_Sales_Data – 2.csv",
            "description": null,
            "active": true,
            "nextPortId": 1,
            "steps": [
              {
                "portId": null,
                "task": {
                  "annotations": {
                    "hidden": true
                  },
                  "kind": "task",
                  "type": "Load",
                  "parameters": {
                    "format": {
                      "annotations": {},
                      "kind": "func",
                      "type": "FormatBlob",
                      "parameters": {}
                    },
                    "location": {
                      "kind": "constant",
                      "type": "String",
                      "value": "portId://null"
                    },
                    "enableLineage": {
                      "kind": "constant",
                      "type": "Bool",
                      "value": true
                    },
                    "as": {
                      "kind": "array",
                      "type": "Array",
                      "value": [
                        {
                          "kind": "constant",
                          "type": "String",
                          "value": "column1"
                        }
                      ]
                    }
                  },
                  "outputName": "original_datasource_659029"
                },
                "tableData": null,
                "columnMetadata": {
                  "Purchase_Device": {
                    "id": "4issmum"
                  },
                  "Purchase_ID": {
                    "id": "3vq9oob"
                  },
                  "Purchase_Date": {
                    "id": "4fhuwu4"
                  },
                  "Purchase_Status": {
                    "id": "4ssg44i"
                  },
                  "Payment_Method": {
                    "id": "2itu0le"
                  },
                  "DeliveryMode": {
                    "id": "410n4nh"
                  },
                  "Shipping_Date": {
                    "id": "1gvrakj"
                  },
                  "ShippingZipCode": {
                    "id": "163mv6c"
                  },
                  "ShippingCity": {
                    "id": "2fon8f3"
                  },
                  "ShippingRegion": {
                    "id": "wlu24q"
                  },
                  "ShippingCountry": {
                    "id": "1g2tp6i"
                  },
                  "Store_Category": {
                    "id": "4v7li9a"
                  },
                  "Product_ID": {
                    "id": "49p1zdd"
                  },
                  "Product_Quantity": {
                    "id": "3sr7kar"
                  },
                  "Unit_Price": {
                    "id": "4wx1thy"
                  },
                  "ClientCivility": {
                    "id": "2xk1ttc"
                  },
                  "User_ID": {
                    "id": "56myey7"
                  },
                  "Gift": {
                    "id": "59vki32"
                  },
                  "Email_host_domain": {
                    "id": "2zkmhvk"
                  },
                  "column21": {
                    "id": "4wzcgyd"
                  },
                  "TRIFACTA__FILE_LINEAGE_INFO": {
                    "id": "2ehiq27"
                  }
                },
                "id": 7541564,
                "hash": "42578d19e1ff951996822c03c92e9fbaa727be87",
                "pbemappingartifacts": [],
                "targetmappingartifacts": []
              },
              {
                "portId": null,
                "task": {
                  "annotations": {},
                  "kind": "task",
                  "type": "Drop",
                  "parameters": {
                    "col": {
                      "kind": "array",
                      "type": "Array",
                      "value": [
                        {
                          "kind": "column",
                          "type": "Column",
                          "value": "column21",
                          "relation": null
                        }
                      ]
                    },
                    "action": {
                      "kind": "enumerable",
                      "type": "Enumerable",
                      "value": "Drop"
                    }
                  },
                  "outputName": null
                },
                "tableData": null,
                "columnMetadata": {},
                "id": 7541579,
                "hash": "9b8c5fe4209e9fd139a74db4772a448aaa90a342",
                "pbemappingartifacts": [],
                "targetmappingartifacts": []
              },
              {
                "portId": null,
                "task": {
                  "annotations": {},
                  "kind": "task",
                  "type": "Comment",
                  "parameters": {
                    "comment": {
                      "kind": "constant",
                      "type": "String",
                      "value": "Removed column 21. It was empty"
                    }
                  },
                  "outputName": null
                },
                "tableData": null,
                "columnMetadata": {},
                "id": 7541581,
                "hash": "01fd344777dbf0e6d0b86d5b46ed90f7229ce722",
                "pbemappingartifacts": [],
                "targetmappingartifacts": []
              },
              {
                "portId": null,
                "task": {
                  "annotations": {},
                  "kind": "task",
                  "type": "Move",
                  "parameters": {
                    "col": {
                      "kind": "array",
                      "type": "Array",
                      "value": [
                        {
                          "kind": "column",
                          "type": "Column",
                          "value": "Purchase_ID",
                          "relation": null
                        }
                      ]
                    },
                    "position": {
                      "kind": "bundle",
                      "type": "Bundle",
                      "value": "before"
                    },
                    "before": {
                      "kind": "column",
                      "type": "Column",
                      "value": "Purchase_Device",
                      "relation": null
                    }
                  },
                  "outputName": null
                },
                "tableData": null,
                "columnMetadata": {},
                "id": 7541586,
                "hash": "3f78df4d336e47d1b077da47c4433d45948bd4e5",
                "pbemappingartifacts": [],
                "targetmappingartifacts": []
              },
              {
                "portId": null,
                "task": {
                  "annotations": {
                    "outputColumnAnnotations": {
                      "Purchase_Device": {
                        "type": [
                          "String"
                        ],
                        "_likely_types": [
                          [
                            "String"
                          ],
                          [
                            "Integer"
                          ],
                          [
                            "Phone"
                          ],
                          [
                            "SSN"
                          ],
                          [
                            "Map"
                          ]
                        ]
                      },
                      "Payment_Method": {
                        "type": [
                          "String"
                        ],
                        "_likely_types": [
                          [
                            "String"
                          ],
                          [
                            "Integer"
                          ],
                          [
                            "Phone"
                          ],
                          [
                            "SSN"
                          ],
                          [
                            "Map"
                          ]
                        ]
                      },
                      "DeliveryMode": {
                        "type": [
                          "String"
                        ],
                        "_likely_types": [
                          [
                            "String"
                          ],
                          [
                            "Integer"
                          ],
                          [
                            "Phone"
                          ],
                          [
                            "SSN"
                          ],
                          [
                            "Map"
                          ]
                        ]
                      }
                    }
                  },
                  "kind": "task",
                  "type": "Set",
                  "parameters": {
                    "col": {
                      "kind": "array",
                      "type": "Array",
                      "value": [
                        {
                          "kind": "column",
                          "type": "Column",
                          "value": "Purchase_Device",
                          "relation": null
                        },
                        {
                          "kind": "column",
                          "type": "Column",
                          "value": "Payment_Method",
                          "relation": null
                        },
                        {
                          "kind": "column",
                          "type": "Column",
                          "value": "DeliveryMode",
                          "relation": null
                        }
                      ]
                    },
                    "value": {
                      "annotations": {},
                      "kind": "func",
                      "type": "Proper",
                      "parameters": {
                        "col": {
                          "kind": "variable",
                          "type": "Variable",
                          "value": "col"
                        }
                      }
                    }
                  },
                  "outputName": null
                },
                "tableData": null,
                "columnMetadata": {},
                "id": 7541587,
                "hash": "411a81d78487b6aa9e172ff501fe3f07fb02eb34",
                "pbemappingartifacts": [],
                "targetmappingartifacts": []
              },
              {
                "portId": null,
                "task": {
                  "annotations": {
                    "outputColumnAnnotations": {
                      "Email_host_domain": {
                        "type": [
                          "Url"
                        ],
                        "_likely_types": [
                          [
                            "Url"
                          ],
                          [
                            "String"
                          ],
                          [
                            "Integer"
                          ],
                          [
                            "Phone"
                          ],
                          [
                            "SSN"
                          ]
                        ]
                      }
                    }
                  },
                  "kind": "task",
                  "type": "TextFormat",
                  "parameters": {
                    "col": {
                      "kind": "array",
                      "type": "Array",
                      "value": [
                        {
                          "kind": "column",
                          "type": "Column",
                          "value": "Email_host_domain",
                          "relation": null
                        }
                      ]
                    },
                    "type": {
                      "kind": "bundle",
                      "type": "Bundle",
                      "value": "lowercase"
                    }
                  },
                  "outputName": null
                },
                "tableData": null,
                "columnMetadata": {},
                "id": 7541588,
                "hash": "93da70a6a24cd8e5a80a4930f33300f541b1e9ea",
                "pbemappingartifacts": [],
                "targetmappingartifacts": []
              },
              {
                "portId": null,
                "task": {
                  "annotations": {
                    "outputColumnAnnotations": {
                      "Product_ID": {
                        "type": [
                          "Integer"
                        ],
                        "_likely_types": [
                          [
                            "Integer"
                          ],
                          [
                            "Float"
                          ],
                          [
                            "String"
                          ],
                          [
                            "Phone"
                          ],
                          [
                            "SSN"
                          ]
                        ]
                      }
                    }
                  },
                  "kind": "task",
                  "type": "ReplacePatterns",
                  "parameters": {
                    "with": {
                      "kind": "constant",
                      "type": "String",
                      "value": ""
                    },
                    "col": {
                      "kind": "array",
                      "type": "Array",
                      "value": [
                        {
                          "kind": "column",
                          "type": "Column",
                          "value": "Product_ID",
                          "relation": null
                        }
                      ]
                    },
                    "on": {
                      "kind": "constant",
                      "type": "String",
                      "value": " "
                    },
                    "ignoreCase": {
                      "kind": "constant",
                      "type": "Bool",
                      "value": false
                    },
                    "global": {
                      "kind": "constant",
                      "type": "Bool",
                      "value": true
                    },
                    "as": {
                      "kind": "array",
                      "type": "Array",
                      "value": [
                        {
                          "kind": "constant",
                          "type": "String",
                          "value": "Product_ID"
                        }
                      ]
                    }
                  },
                  "outputName": null
                },
                "tableData": null,
                "columnMetadata": {},
                "id": 7541589,
                "hash": "830f965b44fc698ee71357389acfad3e541edd77",
                "pbemappingartifacts": [],
                "targetmappingartifacts": []
              },
              {
                "portId": null,
                "task": {
                  "annotations": {
                    "outputColumnAnnotations": {
                      "ClientGender": {
                        "type": [
                          "Gender"
                        ],
                        "_likely_types": [
                          [
                            "Gender"
                          ],
                          [
                            "String"
                          ],
                          [
                            "Integer"
                          ],
                          [
                            "Phone"
                          ],
                          [
                            "SSN"
                          ]
                        ]
                      }
                    }
                  },
                  "kind": "task",
                  "type": "Derive",
                  "parameters": {
                    "type": {
                      "kind": "bundle",
                      "type": "Bundle",
                      "value": "single"
                    },
                    "value": {
                      "annotations": {},
                      "kind": "func",
                      "type": "If",
                      "parameters": {
                        "true_expression": {
                          "kind": "constant",
                          "type": "String",
                          "value": "Female"
                        },
                        "false_expression": {
                          "kind": "constant",
                          "type": "String",
                          "value": "Male"
                        },
                        "predicate": {
                          "annotations": {},
                          "kind": "func",
                          "type": "Matches",
                          "parameters": {
                            "lhs": {
                              "kind": "array",
                              "type": "Array",
                              "value": [
                                {
                                  "kind": "column",
                                  "type": "Column",
                                  "value": "ClientCivility",
                                  "relation": null
                                }
                              ]
                            },
                            "rhs": {
                              "kind": "constant",
                              "type": "Regexp",
                              "value": "Miss|Mrs|Ms."
                            }
                          }
                        }
                      }
                    },
                    "as": {
                      "kind": "constant",
                      "type": "String",
                      "value": "ClientGender"
                    }
                  },
                  "outputName": null
                },
                "tableData": null,
                "columnMetadata": {
                  "ClientGender": {
                    "id": "-vb2owd"
                  }
                },
                "id": 7541592,
                "hash": "86c3e8adb5202dec8af09563d228ab3eb3ea7f71",
                "pbemappingartifacts": [],
                "targetmappingartifacts": []
              }
            ]
          }
        ],
        "outputobjects": [],
        "datasources": [
          {
            "path": "/bcariou@trifacta.com/upload/cdpwebinaremea/c9763bc5-7431-47ee-9949-2bcffd20e8e7/Monthly_Ecommerce_Sales_Data.csv",
            "bucket": "analytics-query-results",
            "container": null,
            "type": "gs",
            "blobHost": null,
            "isDynamicOrConverted": false,
            "id": 659029,
            "dynamicPath": null,
            "cpProject": "trifacta-dataprep-analytics",
            "connectionId": null,
            "isSchematized": true,
            "isDynamic": false,
            "isConverted": false,
            "disableTypeInference": false,
            "hasStructuring": true,
            "parsingScriptId": 1341561,
            "storageLocation": {
              "fullUri": "gs://analytics-query-results/bcariou@trifacta.com/upload/cdpwebinaremea/c9763bc5-7431-47ee-9949-2bcffd20e8e7/Monthly_Ecommerce_Sales_Data.csv",
              "id": 8678964,
              "path": "/bcariou@trifacta.com/upload/cdpwebinaremea/c9763bc5-7431-47ee-9949-2bcffd20e8e7/Monthly_Ecommerce_Sales_Data.csv",
              "size": 1633877,
              "type": "gs",
              "bucket": "analytics-query-results",
              "blobHost": null,
              "container": null,
              "hash": "88e358affc590208ae13b71c8532fd0a10a8a5f5",
              "host": null,
              "userinfo": null
            },
            "runParameters": []
          }
        ],
        "webhookflowtasks": []
      }
    ]
  },
  "hash": "gwBEh0T84GkMMeU+zAFBTaBYAQTs7UBv"
}